<?xml version="1.0" encoding="UTF-8"?>
<beans xmlns="http://www.springframework.org/schema/beans"
	xmlns:xsi="http://www.w3.org/2001/XMLSchema-instance" xmlns:context="http://www.springframework.org/schema/context"
	xmlns:mvc="http://www.springframework.org/schema/mvc" xmlns:p="http://www.springframework.org/schema/p"
	xsi:schemaLocation="http://www.springframework.org/schema/mvc http://www.springframework.org/schema/mvc/spring-mvc-3.2.xsd
		http://www.springframework.org/schema/beans http://www.springframework.org/schema/beans/spring-beans.xsd
		http://www.springframework.org/schema/context http://www.springframework.org/schema/context/spring-context-3.2.xsd">

	<mvc:annotation-driven />
	<context:component-scan base-package="com.virtusa" />
	<mvc:resources location="pdf" mapping="/pdf/**" />

	<bean
		class="org.springframework.web.servlet.view.ContentNegotiatingViewResolver">
		<property name="order" value="1" />
		<property name="contentNegotiationManager">
			<bean class="org.springframework.web.accept.ContentNegotiationManager">
				<constructor-arg>
					<bean
						class="org.springframework.web.accept.PathExtensionContentNegotiationStrategy">
						<constructor-arg>
							<map>
								<entry key="json" value="application/json"></entry>
								<entry key="xml" value="application/xml">
								</entry>
							</map>
						</constructor-arg>
					</bean>
				</constructor-arg>
			</bean>

		</property>


		<property name="defaultViews">
			<list>
				<bean
					class="org.springframework.web.servlet.view.json.MappingJacksonJsonView" />
				<bean class="org.springframework.web.servlet.view.xml.MarshallingView">
					<constructor-arg>
						<bean class="org.springframework.oxm.xstream.XStreamMarshaller">
							<property name="autodetectAnnotations" value="true"></property>

						</bean>
					</constructor-arg>
				</bean>

			</list>
		</property>
	</bean>
	<bean
		class="org.springframework.web.servlet.view.InternalResourceViewResolver">
		<property name="prefix" value="WEB-INF/jsp/" />
		<property name="suffix" value=".jsp" />
	</bean>

	<bean id="localeResolver"
		class="org.springframework.web.servlet.i18n.SessionLocaleResolver"
		p:defaultLocale="en" />

	<mvc:interceptors>
		<bean class="org.springframework.web.servlet.i18n.LocaleChangeInterceptor"
			p:paramName="Languages" />
	</mvc:interceptors>

	<bean id="messageSource"
		class="org.springframework.context.support.ResourceBundleMessageSource"
		p:basename="messages" />
</beans>
